,,,,,,Adele - Hello (Official Lyrics Video) HD,
,,,,,,Adele - Set Fire to the Rain,
,,,,,,Alessia - Here (Lyric Video),
,,,,,,Alessia Cara - Scars To Your Beautiful (Audio),
,,,,,,Alicia Keys - Unthinkable (I'm Ready) - The Element Of Freedom,
,,,,,,Ariana Grande - Dangerous Woman (Audio),
,,,,,,B.o.B - Nothin' On You [feat. Bruno Mars] (Official Video),
,,,,,,Beyonce - Listen (Audio),
,,,,,,Beyone - Halo HQ,
,,,,,,Black Eyed Peas - I gotta feeling HQ,
,,,,,,Bruno Mars - Just The Way You Are ( Audio ),
,,,,,,Calvin Harris ft. Rihanna - This is what you came for ,
,,,,,,Chris Brown - With You,
,,,,,,Chris Brown Tyga - Ayo (Audio),
,,,,,,Christina Aguilera - Beautiful (Official Video),
,,,,,,Christina Perri - Jar of Hearts,
,,,,,,Colbie Caillat - Bubbly,
,,,,,,Coldplay - Paradise (Official),
,,,,,,Coldplay - The Scientist,
,,,,,,Coldplay - Viva La Vida,
,,,,,,Drake  - One Dance (Audio),
,,,,,,DRAKE - FAKE LOVE (Lyrics),
,,,,,,Ed Sheeran - I See Fire ,
,,,,,,Ed Sheeran - Shape Of You,
,,,,,,Ed Sheeran - Thinking Out Loud [Official],
,,,,,,Ellie Goulding - Lights,
,,,,,,Eminem - Crack a Bottle (ft Dr.Dre & 50 cent),
,,,,,,Eminem - Not Afraid,
,,,,,,Fifth Harmony - Work from Home ft. Ty Dolla $ign (Audio),
,,,,,,Fix You - Coldplay,
,,,,,,FLORIDA - My House (official audio),
,,,,,,G-Eazy X Bebe Rexha - Me  Myself & I (Audio),
,,,,,,gnash - i hate u- i love u (ft. olivia o'brien),
,,,,,,Green Day - 21 Guns [Official Music Video],
,,,,,,Hailee Steinfeld- Starving ft. Zedd,
,,,,,,Imagine Dragons - Believer,
,,,,,,Imagine Dragons - Demons,
,,,,,,Imagine Dragons - On Top of the World,
,,,,,,Jack Johnson - banana pancakes ,
,,,,,,Jack Johnson - I Got You,
,,,,,,Jason Mraz - I'm Yours ,
,,,,,,Jason Mraz - Love Someone ,
,,,,,,Justin Bieber - Baby ft. Ludacris,
,,,,,,Kaleo - Way Down We Go,
,,,,,,Katy Perry - California Gurls ft. Snoop Dogg,
,,,,,,Katy Perry - Waking Up In Vegas,
,,,,,,Kodaline - One Day,
,,,,,,Kodaline - The One (Lyrics),
,,,,,,LIKE A G6 (OFFICIAL)  FAR EAST MOVEMENT (FM)  feat The Cataracs & Dev,
,,,,,,Lil Wayne - How To Love,
,,,,,,LMFAO - Sexy and I Know It,
,,,,,,Love Song - Sara Bareilles,
,,,,,,Ludacris - How Low,
,,,,,,Lukas Graham-7 Years ,
,,,,,,Machine Gun Kelly - Bad Things,
,,,,,,Major Lazer - Cold Water feat. Justin Bieber & MÃ˜ (Audio),
,,,,,,Maroon 5 - Don't Wanna Know (Audio) ft. Kendrick Lamar,
,,,,,,Maroon 5 - One More Night,
,,,,,,Michael Buble - Haven't Met You Yet (HQ),
,,,,,,Mike Posner - I Took A Pill In Ibiza (SeeB Remix),
,,,,,,Miley Cyrus - Party In The U.S.A.,
,,,,,,Miley Cyrus - The Climb - Official Music Video (HQ),
,,,,,,My Life Would Suck Without You - Kelly Clarkson,
,,,,,,Neon Trees Everybody Talks,
,,,,,,New Divide (Official Video) - Linkin Park,
,,,,,,Niall Horan - This Town,
,,,,,,Nickelback - Burn It To The Ground (Audio),
,,,,,,Nicki Minaj - Super Bass,
,,,,,,Nirvana - Lithium (HQ),
,,,,,,Oasis - Don't Look Back In Anger,
,,,,,,Oasis-Wonderwall,
,,,,,,One Republic Lyrics - Stop and Stare,
,,,,,,Owl City- Fireflies,
,,,,,,P!nk - Raise Your Glass,
,,,,,,Pink - Fuckin' Perfect,
,,,,,,Pitbull - I Know You Want Me (Calle Ocho) OFFICIAL VIDEO (Ultra Music),
,,,,,,Radiohead - Karma Police,
,,,,,,Ride,
,,,,,,Rihanna - Needed Me ,
,,,,,,Rihanna- FourFiveSeconds,
,,,,,,Selena Gomez - Same Old Love (Audio),
,,,,,,Shawn Mendes - Treat You Better,
,,,,,,Sia - Cheap Thrills (Audio),
,,,,,,Silento Watch Me (Whip Nae Nae),
,,,,,,Sorry ,
,,,,,,Suicide Squad Soundtrack - Sucker for Pain (Official Audio),
,,,,,,Taylor Swift ft. Zayn - I Don't wanna live forever (Audio Official),
,,,,,,The Black Eyed Peas - Just Can't Get Enough,
,,,,,,The Chainsmokers - Don't Let Me Down ft. Daya,
,,,,,,The Neighbourhood - Sweater Weather,
,,,,,,The Script - No Good in Goodbye,
,,,,,,The Wanted - Glad You Came,
,,,,,,The Weeknd - Earned It (Fifty Shades Of Grey),
,,,,,,The Weeknd - In The Night (Audio),
,,,,,,Timeflies - Once In A While (Acoustic),
,,,,,,Train - Drive By,
,,,,,,Train - Hey Soul Sister,
,,,,,,Travie McCoy Billionaire ft. Bruno Mars [OFFICIAL VIDEO],
,,,,,,twenty one pilots - Stressed Out (Audio),
,,,,,,Usher - There Goes My Baby,
,,,,,,Whitney Houston - I Have Nothing (Official Video),
,,,,,,Whitney Houston - I Will Always Love You - Lyrics,
,,,,,,Whitney Houston - When You Believe,
,,,,,,Wiz Khalifa - Black And Yellow,
,,,,,,ZAYN - PILLOWTALK (LYRICS),
